s_n,fund,fund_manager,nav_n_1,percent_on_total_1,x,offer_price_n_1,unitholders_1,yield_wtd_1,yield_ytd_1,nav_n_2,percent_on_total_2,bid_price_n,offer_price_n_2,unitholders_2,yield_wtd_2,yield_ytd_2,nav_percent,unit_price_percent,uniholders,yield_percent_wyd,yield_percent_ytd,date,category
1,Afrinvest Equity Fund,Afrinvest Asset Mgt Ltd.,1201912793.77,0.03984620246831627,373.9818,373.9818,1948,0.0123,0.2427,1190194521.92,0.03958876239496389,375.7302,375.7302,1948,0.0047,0.2484,-0.009749685593447749,0.004675093814725753,0,-0.0076,0.005700000000000011,2024-11-22,Equity Based
2,Anchoria Equity Fund,Anchoria Asset Mgt Ltd,617889357.61,0.020484468235935402,237.9047,240.6543,456,0.012462,0.2298,632083981.6,0.021024649416851456,242.6079,245.4113,456,-0.004612,0.2541,0.022972760115022705,0.019766943703062877,0,-0.017074,0.02429999999999999,2024-11-22,Equity Based
3,ARM Aggressive Growth Fund,ARM Investment Managers Ltd,3920541452.65,0.1299750608508898,35.4879,36.5579,6613,0.2925,0.1849,3876264524.32,0.1289339787800224,35.1029,36.1613,6612,-0.5672,0.1668,-0.011293574845400996,-0.010848544363872089,-1.5121729925903524e-4,-0.8597,-0.018100000000000005,2024-11-22,Equity Based
4,AXA Mansard Equity Income Fund,AXA Mansard Investments Ltd,571877364.99,0.01895906374451933,209.3777,209.3777,1840,0.0216,0.2061,575846073.72,0.0191540399226491,209.829,209.829,1843,0.0022,0.20383,0.006939789844750049,0.002155434891108286,0.0016304347826086956,-0.0194,-0.0022699999999999942,2024-11-22,Equity Based
5,CardinalStone Equity Fund,CardinalStone Asset Mgt. Ltd,934672825.36,0.030986576425489562,1.191,1.2023,508,0.0235,0.1967,914158929.48,0.030407147725765485,1.1657,1.1768,508,-0.0219,0.1713,-0.02194767551105258,-0.021209348748232437,0,-0.045399999999999996,-0.025400000000000006,2024-11-22,Equity Based
6,Cowry Equity Fund,Cowry Treasurers Ltd,93334178.49,0.003094244934078126,167.3882,168.0202,94,0.002799,0.2079,93349061.9,0.0031050166702080296,167.4926,168.0435,94,5.25e-4,0.2084,1.5946366315964267e-4,1.3867380231666248e-4,0,-0.002274,5.000000000000004e-4,2024-11-22,Equity Based
7,FBN Nigeria Smart Beta Equity Fund,FBNQuest Asset Mgt Ltd,1087140433.24,0.03604123197532382,301.5,305.7,1634,0.0035,0.3423,1128169271.54,0.037525651823911356,300.56,304.75,1634,-0.0031,0.3386,0.03774014565691562,-0.0031076218514883504,0,-0.0066,-0.003699999999999981,2024-11-22,Equity Based
8,Frontier Fund,SCM Capital Ltd,406528555.01,0.013477366407982761,203.94,212.87,2465,0.0101,0.6223,412184037.86,0.013710242853002442,206.78,215.78,2466,0.0139,0.23237,0.013911649699148211,0.013670315215859428,0.00040567951318458417,0.0037999999999999996,-0.38993,2024-11-22,Equity Based
9,Futureview Equity Fund,Futureview Asset Mgt Ltd,56204312.67,0.0018633035889540034,201.86,208.24,16,0.0085,0.1206,57232556.01,0.0019036939083547956,203.83,210.27,16,0.0098,0.1315,0.018294740939850302,0.009748367268536309,0,0.001299999999999999,0.010900000000000007,2024-11-22,Equity Based
10,Guaranty Trust Equity Income Fund,Guaranty Trust Fund Managers,585039911.95,0.019395432767201726,2.003101,2.034571,464,0.0049,0.182,581827643.07,0.01935300145657058,1.993614,2.026181,468,-0.004736156589208451,0.17638166047087966,-0.005490683309610728,-0.004123719447490572,0.008620689655172414,-0.009636156589208451,-0.005618339529120331,2024-11-22,Equity Based
11,Halo Equity Fund,Halo Asset Mgt Ltd,14314515.64,4.745594617045641e-4,12.38,13.07,28,-0.33,0.8016,14182558.29,4.717463573851628e-4,12.26,12.97,28,0.0341,0.7768,-0.009218429272679287,-0.007651109410864548,0,0.36410000000000003,-0.024799999999999933,2024-11-22,Equity Based
12,Legacy Equity Fund,FCMB Asset Mgt Ltd,1712808350.57,0.05678357754405873,3.48,3.56,3661,-0.0029,0.258,1719470625.32,0.05719377192318228,3.5,3.57,3661,-0.0066,0.2629,0.0038896790454010124,0.002808988764044884,0,-0.0037,0.0049000000000000155,2024-11-22,Equity Based
13,Meristem Equity Market Fund,Meristem Wealth Mgt Ltd,662064359.65,0.02194897222029099,22.426721,22.535708,338,-0.014179692162755386,0.25866644865273525,671216557.85,0.022326294009001737,22.502259,22.61804,347,0.017800309262631542,0.28010156820245746,0.013823728866538524,0.0036534019698871213,0.026627218934911243,0.03198000142538693,0.021435119549722215,2024-11-22,Equity Based
14,PACAM Equity Fund,PAC Asset Mgt Ltd,125962951.45,0.004175964589943341,1.360905,1.409471,21,0.0161,-0.3619,127607777.32,0.004244544805937617,1.378675,1.427859,21,0.006,-0.3536,0.013058013098818905,0.013046029325896078,0,-0.0101,0.008299999999999974,2024-11-22,Equity Based
15,Paramount Equity Fund,Chapel Hill Denham Mgt. Ltd,1671592838.34,0.0554171875250286,29.56,30.16,8834,0.0043,0.1745,1660903021.3,0.0552456710733735,29.36,29.95,8834,-0.0016,0.1664,-0.006394988537170118,-0.006962864721485439,0,-0.0059,-0.008099999999999996,2024-11-22,Equity Based
16,Stanbic IBTC Aggressive Fund (Sub Fund),Stanbic IBTC Asset Mgt. Ltd,700835524.32,0.023234326436820683,7470.55,7571.64,19,0.0085,0.3899,711733855.11,0.02367399778730906,7565.89,7667.18,19,0.0126,0.4074,0.015550482833435547,0.012618138210480155,0,0.0040999999999999995,0.01749999999999996,2024-11-22,Equity Based
17,Stanbic IBTC Nigerian Equity Fund,Stanbic IBTC Asset Mgt. Ltd,12272650845.19,0.4068668982767921,24379.98,24752.6,17442,0.0073,0.348,12197921622.96,0.40573251846660263,24231.06,24601.15,17444,-0.0061,0.3397,-0.006089085656607753,-0.006118549162512104,1.1466574934067194e-4,-0.0134,-0.008299999999999974,2024-11-22,Equity Based
18,United Capital Equity Fund,United Capital Asset Mgt. Ltd,3528427214.49,0.1169755625466702,1.4172,1.4308,4400,-8e-4,0.2629,3499602085.01,0.11640527062490842,1.4054,1.4189,4436,-0.0083,0.2543,-0.008169398921316828,-0.008317025440313127,0.008181818181818182,-0.0075,-0.008599999999999997,2024-11-22,Equity Based
19,Afrinvest Plutus Fund,Afrinvest Asset Mgt Ltd.,1554745375.78,9.912234701789607e-4,100,100,876,0.204,0.204,1549343887.55,9.877797667977655e-4,100,100,876,0.2169,0.2169,-0.0034741947550673033,0,0,0.012900000000000023,0.012900000000000023,2024-11-22,Money Market
20,AIICO Money Market Fund,AIICO Capital Ltd,9423859313.9,0.006008154568021094,100,100,1806,0.225465,0.225465,9568262133.24,0.006100218172724218,100,100,1822,0.215417,0.215417,0.015323108562010147,0,0.008859357696566999,-0.010048000000000001,-0.010048000000000001,2024-11-22,Money Market
21,Anchoria Money Market Fund,Anchoria Asset Mgt Ltd,1067596891.51,6.806433465183403e-4,100,100,1770,0.2041,0.2041,988362670.58,6.301277954508487e-4,100,100,1772,0.2108,0.2108,-0.074217358218355,0,0.0011299435028248588,0.006699999999999984,0.006699999999999984,2024-11-22,Money Market
22,ARM Money Market Fund,ARM Investment Managers Ltd,112170310774.93,0.07151386100222216,1,1,62821,0.2022,0.2022,113089362229.78,0.07209979963020645,1,1,63077,0.2071,0.2071,0.008193357480252374,0,0.004075070438229254,0.0049000000000000155,0.0049000000000000155,2024-11-22,Money Market
23,AXA Mansard Money Market Fund,AXA Mansard Investments Ltd,75594260085.3,0.04819490443557033,1,1,30090,0.2066,0.2066,75586761600.08,0.048190123797752296,1,1,30148,0.20375,0.2075,-9.919384370638705e-5,0,0.001927550681289465,-0.002850000000000019,8.999999999999841e-4,2024-11-22,Money Market
24,Chapel Hill Denham Money Market Fund,Chapel Hill Denham Mgt. Ltd,9767519353,0.006227254043616987,100,100,2891,0.223,0.223,9716483027,0.006194715979860069,100,100,2891,0.212,0.212,-0.005225106207168628,0,0,-0.01100000000000001,-0.01100000000000001,2024-11-22,Money Market
25,Comercio Partners Money Market Fund,Comercio Partners Asset Mgt Ltd,334938420.62,2.1353903266421124e-4,1,1,272,0.21,0.21,328167405.53,2.0922219134813605e-4,1,1,277,0.21,0.21,-0.020215701374199768,0,0.01838235294117647,0,0,2024-11-22,Money Market
26,Coral Money Market Fund,FSDH Asset Mgt Ltd,30100036536.38,0.01919019225455856,100,100,3136,0.2291297691654,0.2291297691654,31445255801.93,0.02004783295207863,100,100,3166,0.231769530592198,0.231769530592198,0.0446916157036593,0,0.009566326530612245,0.0026397614267979763,0.0026397614267979763,2024-11-22,Money Market
27,Cordros Money Market Fund,Cordros Asset Mgt Ltd,13281292406.14,0.008467450009729703,100,100,6403,0.223,0.223,13711291393.92,0.008741594635261647,100,100,6417,0.2241,0.2241,0.03237629099869906,0,0.0021864750898016555,0.0010999999999999899,0.0010999999999999899,2024-11-22,Money Market
28,Core Investment Money Market Fund,Core Asset Mgt Ltd,44514190.37,2.837989482915938e-5,100,100,0,0,0,44514190.37,2.837989482915938e-5,100,100,0,0,0,0,0,NA,0,0,2024-11-22,Money Market
29,Coronation Money Market Fund,Coronation Asset Mgt Ltd,8488759829.73,0.005411984564816208,1,1,3140,0.2055,0.2055,7806365704.29,0.004976926140726007,1,1,3190,0.2001,0.2001,-0.08038796468832413,0,0.01592356687898089,-0.005399999999999988,-0.005399999999999988,2024-11-22,Money Market
30,EDC Money Market Fund Class A,EDC Fund Mgt Ltd,27804215574.97,0.01772649816308282,100,100,3009,0.2092,0.2092,29087344125.93,0.018544553102998743,100,100,3009,0.2073,0.2073,0.046148705310539356,0,0,-0.001899999999999985,-0.001899999999999985,2024-11-22,Money Market
31,EDC Money Market Fund Class B,EDC Fund Mgt Ltd,699222425.5,4.4578725869073307e-4,1000000,1000000,4,0.2211,0.2211,948984304.91,6.050222309787169e-4,1000000,1000000,4,0.2302,0.2302,0.35719946944121567,0,0,0.009099999999999997,0.009099999999999997,2024-11-22,Money Market
32,Emerging Africa Money Market Fund,Emerging Africa Asset Mgt Ltd,3706826955.92,0.0023632769299967078,1,1,662,0.2148,0.2148,3669760500.66,0.0023396453173980094,1,1,667,0.2129,0.2129,-0.009999510551956877,0,0.0075528700906344415,-0.001899999999999985,-0.001899999999999985,2024-11-22,Money Market
33,FBN Money Market Fund,FBNQuest Asset Mgt Ltd,335873814034.56,0.21413539006189608,100,100,15559,0.2218,0.2218,337768614704.43,0.21534341481279376,100,100,15559,0.2284,0.2284,0.005641406357671659,0,0,0.006599999999999995,0.006599999999999995,2024-11-22,Money Market
34,First Ally Money Market Fund,First Ally Asset Mgt Ltd,610496050.81,3.8922001212632497e-4,1,1,741,0.2345,0.2345,641041272.82,4.0869403110705316e-4,1,1,745,0.2216,0.2216,0.050033447340851786,0,0.005398110661268556,-0.012899999999999995,-0.012899999999999995,2024-11-22,Money Market
35,GDL Money Market Fund,Growth & Development Asset Mgt Ltd,725500387.35,4.6254069815416913e-4,10,10,393,0.1739,0.1739,732179896.46,4.6679920009425985e-4,10,10,396,0.1836,0.1836,0.009206761604081194,0,0.007633587786259542,0.009700000000000014,0.009700000000000014,2024-11-22,Money Market
36,Greenwich Plus Money Market Fund,Greenwich Asset Mgt Ltd,4777473357.75,0.0030458644831027155,100,100,682,0.1942,0.1942,4849072210.44,0.0030915121269740526,100,100,702,0.2038,0.2038,0.014986761270756682,0,0.02932551319648094,0.009599999999999997,0.009599999999999997,2024-11-22,Money Market
37,GTI  Money Market Fund,GTI Asset Mgt & Trust Ltd,63186976.29,0.001190901628202223,1,1,41,0.1927,0.1927,63427743.85,0.001191182720187959,1,1,41,0.1883,0.1883,0.0038103985051442693,0,0,-0.004400000000000015,-0.004400000000000015,2024-11-22,Money Market
38,Guaranty Trust Money Market Fund,Guaranty Trust Fund Managers,38851292862.33,0.024769530710208803,100,100,12703,0.2083,0.2083,38684565101.47,0.024663233902854152,100,100,12735,0.19651278,0.19651278,-0.004291434044442288,0,0.002519089978745178,-0.011787220000000015,-0.011787220000000015,2024-11-22,Money Market
39,Legacy Money Market Fund,FCMB Asset Mgt Ltd,7049356213.95,0.004494296904027508,1,1,1117,0.2197,0.2197,7229106690,0.0046088963062268645,1,1,1123,0.2566,0.2566,0.025498849908349254,0,0.005371530886302597,0.03689999999999999,0.03689999999999999,2024-11-22,Money Market
40,Meristem Money Market Fund,Meristem Wealth Mgt Ltd,14666779543.75,0.009350763373978247,10,10,2950,0.2409,0.2409,15521223873.33,0.009895511913922364,10,10,2966,0.2408,0.2408,0.05825711956951769,0,0.005423728813559322,-1.0000000000001674e-4,-1.0000000000001674e-4,2024-11-22,Money Market
41,Norrenberger Money Market Fund,Norrenberger Investment & Capital Mgt. Ltd.,10782824566,0.006874558979974011,100,100,3043,0.2234,0.2234,10914844965.61,0.006958728208372704,100,100,3067,0.2231,0.2231,0.012243582263805201,0,0.007886953664147224,-2.999999999999947e-4,-2.999999999999947e-4,2024-11-22,Money Market
42,Nova Prime Money Market Fund,Novambl Asset Mgt,189566883.25,1.2085782455008481e-4,1,1,83,0.1492,0.1492,194522614.33,1.2401733673446865e-4,1,1,83,0.3067,0.3067,0.02614238834883631,0,0,0.15749999999999997,0.15749999999999997,2024-11-22,Money Market
43,PACAM Money Market Fund,PAC Asset Mgt Ltd,885774013.26,5.647226902202159e-4,10,10,734,0.1606,0.1606,937828987.55,5.979101902826773e-4,10,10,734,0.1855,0.1855,0.058767782200357166,0,0,0.024900000000000005,0.024900000000000005,2024-11-22,Money Market
44,Page Money Market Fund,Page Asset Mgt Ltd,724394692.77,4.61835765735254e-4,1,1,61,0.2253,0.2253,705123381.52,4.4954939633374316e-4,1,1,61,0.2253,0.2253,-0.026603330259514706,0,0,0,0,2024-11-22,Money Market
45,RMBN Money Market Fund,RMB Nigeria Asset Mgt Ltd.,5304473802.0089,0.0033818521099397403,100,100,72,0.232,0.232,5491773802.0092,0.0035012646895537336,100,100,74,0.2335,0.2335,0.03530981714517405,0,0.027777777777777776,0.0015000000000000013,0.0015000000000000013,2024-11-22,Money Market
46,RT Briscoe Savings & Investment Fund,DLM Asset Mgt Ltd,56988974.41,3.633315773541396e-5,1000,1000,20,0.196,0.196,57455492.92,3.663058527794833e-5,1000,1000,21,0.195,0.195,0.008186118715590435,0,0.05,-0.0010000000000000009,-0.0010000000000000009,2024-11-22,Money Market
47,Stanbic IBTC Money Market Fund,Stanbic IBTC Asset Mgt. Ltd,708159761615.04,0.4514852317840194,100,100,142534,0.206,0.206,722292444121.1,0.4604954831183038,100,100,143463,0.205,0.205,0.019956912651784568,0,0.006517743134971305,-0.0010000000000000009,-0.0010000000000000009,2024-11-22,Money Market
48,STL Money Market Fund,STL Asset Mgt Ltd,1655529322.82,0.0010554779875292393,100,100,287,0.2155,0.2155,1596920704.14,0.0010181122302191463,100,100,295,0.2164,0.2164,-0.03540174001881581,0,0.027874564459930314,9.000000000000119e-4,9.000000000000119e-4,2024-11-22,Money Market
49,Trustbanc Money Market Fund,Trustbanc Asset Mgt Ltd,3656302124.55,0.0023310649681790676,1,1,393,0.2077386276,0.2077386276,3228217112.89,0.002058140592651438,1,1,390,0.2175309831,0.2175309831,-0.11708141096591873,0,-0.007633587786259542,0.009792355499999988,0.009792355499999988,2024-11-22,Money Market
50,United Capital Money Market Fund,United Capital Asset Mgt. Ltd,64026385788.02,0.04081983924343792,1,1,36948,0.2128,0.2128,65401780683.93,0.04169671832783872,1,1,37420,0.2188,0.2188,0.02148168882222545,0,0.01277471040381076,0.006000000000000005,0.006000000000000005,2024-11-22,Money Market
51,ValuAlliance Money Market  Fund,ValuAlliance Asset Mgt Ltd,1164598045.57,7.424861550171144e-4,1,1,130,0.2186,0.2186,1184373365.94,7.550938539924004e-4,1,1,131,0.2222,0.2222,0.016980382583693335,0,0.007692307692307693,0.00360000000000002,0.00360000000000002,2024-11-22,Money Market
52,Vetiva Money Market Fund,Vetiva Fund Managers,2877260942.29,0.001834389489273288,1,1,332,0.2068,0.2068,2942046981.53,0.0018756936434036104,1,1,332,0.2002,0.2002,0.02251656715863849,0,0,-0.0066000000000000225,-0.0066000000000000225,2024-11-22,Money Market
53,Zedcrest Money Market Fund,Zedcrest Investment Managers Ltd,2429875801.29,0.0015491603714532431,1,1,1569,0.2344,0.2344,2491979949.28,0.0015887546934831589,1,1,1620,0.2295,0.2295,0.02555856886060995,0,0.032504780114722756,-0.004899999999999988,-0.004899999999999988,2024-11-22,Money Market
54,Zenith Money Market Fund,Zenith Asset Mgt Ltd,45508767179.99,0.029013984431428316,1,1,4141,0.2149,0.2149,48042660781.97,0.030629461054382613,1,1,4156,0.219,0.219,0.05567924070450639,0,0.003622313450857281,0.0040999999999999925,0.0040999999999999925,2024-11-22,Money Market
55,Anchoria Fixed Income Fund,Anchoria Asset Mgt Ltd,497243039.07,0.0023398273505143776,1.2968,1.2968,464,3.86e-4,0.013,498836394.25,0.002360699543903222,1.301,1.301,465,0.013,0.0163,0.003204379055723092,0.0032387415175817256,0.0021551724137931034,0.012614,0.003299999999999999,2024-11-22,Bond Fixed Income
56,ARM Fixed Income Fund,ARM Investment Managers Ltd,1389719631.91,0.006539466113736846,1.2118,1.2118,770,0.1341,0.0509,1394846445.9,0.0066009886339626475,1.214,1.214,781,0.0949,0.0519,0.003689099493366032,0.0018154811024921438,0.014285714285714285,-0.0392,0.0010000000000000009,2024-11-22,Bond Fixed Income
57,ARM Short Term Bond Fund,ARM Investment Managers Ltd,836551778.46,0.0039364788997812376,1.1014,1.1014,197,0.1142,0.0333,838969419.35,0.0039703492937520285,1.1038,1.1038,198,0.1139,0.0351,0.00289000747144498,0.002179044852006499,0.005076142131979695,-2.999999999999947e-4,0.001799999999999996,2024-11-22,Bond Fixed Income
58,AVA GAM Fixed Income Fund,AVA Global Asset Managers Ltd,277783613.32,0.0013071388534397286,1096.36,1096.36,110,1.143,0.06007,277922609.85,0.0013152444085394398,1096.9,1096.9,110,3.6e-5,0.060043,5.003769961041955e-4,4.925389470613585e-4,0,-1.142964,-2.6999999999999247e-5,2024-11-22,Bond Fixed Income
59,CardinalStone Fixed Income Alpha Fund,CardinalStone Asset Mgt. Ltd,1236225535.2,0.005850329067300519,1.0839,1.0839,891,0.0028,0.1061,1484270306.45,0.007024179221593775,1.0867,1.0867,892,0.0026,0.1087,0.20064685948253821,0.0025832641387581083,0.001122334455667789,-2.000000000000001e-4,7.87,2024-11-22,Bond Fixed Income
60,CEAT Fixed Income Fund,Capital Express Asset and Trust Ltd,420740299.142638,0.0019798359796826775,2.4217,2.4217,1390,0.1299,0.1251,421773320.73871017,0.0019960052982810612,2.4276,2.4276,1390,0.1274,0.1253,0.0024552475676258567,0.002436305074947358,0,-0.0024999999999999745,2.0000000000000573e-4,2024-11-22,Bond Fixed Income
61,Comercio Partners Fixed Income Fund,Comercio Partners Asset Mgt Ltd,139240340.59,6.552094883354508e-4,11.18,11.19,29,0.271,0.076,140048672.74,6.627680772142651e-4,11.2,11.24,29,0.347,0.076,0.005805301441916029,0.0044682752457552025,0,0.07599999999999996,0,2024-11-22,Bond Fixed Income
62,Coral Income Fund,FSDH Asset Mgt Ltd,2125876293.91259,0.010003525651379854,4334.78091117437,4334.78091117437,1046,0.0946818302306253,0.0961343706036362,2116792400.977,0.01001753463284763,4342.57636424153,4342.57636424153,1040,0.09402801206089625,0.09625846273639409,-0.0042730110691772604,0.0017983499574488354,-0.0057361376673040155,-6.538181697290507e-4,1.240921327578942e-4,2024-11-22,Bond Fixed Income
63,Cordros Fixed Income Fund,Cordros Asset Mgt Ltd,351520070.65,0.0016541132020670246,108.21,108.21,135,0.0024,0.1289,352416194.86,0.0016677787748845892,108.44,108.44,135,0.0021,0.1283,0.0025492831983761387,0.002125496719342057,0,-2.999999999999999e-4,-5.999999999999894e-4,2024-11-22,Bond Fixed Income
64,Coronation Fixed Income Fund,Coronation Asset Mgt,349126472.53,0.001642849884318443,1.3842,1.3842,364,0.0278,0.055,350585395.37,0.0016591146766535062,1.3892,1.3892,365,0.05864107472435698,0.05499010721796782,0.004178780341197616,0.0036121947695418963,0.0027472527472527475,0.03084107472435698,-9.892782032179526e-6,2024-11-22,Bond Fixed Income
65,Cowry Fixed Income Fund,Cowry Treasurers Ltd,130884586.46,6.158906432006571e-4,128.168,128.168,164,4.3e-4,0.1846,131780284.9,6.236386559697507e-4,128.5739,128.5739,164,4.51e-4,0.1869,0.006843421859102939,0.003166937144997211,0,2.1000000000000023e-5,0.0023000000000000242,2024-11-22,Bond Fixed Income
66,DLM Fixed Income Fund,DLM Asset Mgt Ltd,1580900131.4300003,0.007439085266774248,1000,1000,338,0.0112,0.2047,1600054989.0100002,0.007572120090505971,1000,1000,337,0.0114,0.2048,0.0121164248134216,0,-0.0029585798816568047,2.0000000000000052e-4,1.0000000000001674e-4,2024-11-22,Bond Fixed Income
67,EDC Fixed Income Fund,EDC Fund Mgt Ltd,210845185.5,9.921533193906144e-4,1068.88,1077.73,74,0.006,0.0686,196039610.18,9.277402845369705e-4,1068.88,1077.73,74,0,0.0686,-0.0702201251827967,0,0,-0.006,0,2024-11-22,Bond Fixed Income
68,Emerging Africa Bond Fund,Emerging Africa Asset Mgt Ltd,981253850.23,0.004617389115913749,1.1512,1.1512,43,0.001915,0.1223,772849695.94,0.0036574434939823995,1.1509,1.1509,43,-9.55e-4,0.1193,-0.212385565917679,-2.6059763724806025e-4,0,-0.00287,-0.0030000000000000027,2024-11-22,Bond Fixed Income
69,FBN Bond Fund,FBNQuest Asset Mgt Ltd,24285916341.97,0.11427983264587421,1686.89,1686.89,2237,7e-4,0.0901,23987273306.43,0.11351766993486809,1687.44,1687.44,2237,3e-4,0.0905,-0.01229696385900405,3.26043784716226e-4,0,-4e-4,3.999999999999976e-4,2024-11-22,Bond Fixed Income
70,GDL Income Fund,Growth & Development Asset Mgt Ltd,23161209.6,1.0898741145664797e-4,0.7064,0.7064,746,0.00255464093102473,-0.0758765044479329,23218829.83,1.0988107848878654e-4,0.7081,0.7081,746,0.0021,-0.0737,0.0024877901886435462,0.002406568516421183,0,-4.5464093102473005e-4,0.002176504447932895,2024-11-22,Bond Fixed Income
71,Guaranty Trust Fixed Income Fund,Guaranty Trust Fund Managers,10541786912.68,0.04960544322091718,1,1,5245,0.06,0.06,10590714436.9,0.05011962845731979,1,1,5246,0.06,0.06,0.004641293229058511,0,1.9065776930409913e-4,0,0,2024-11-22,Bond Fixed Income
72,Lead Fixed Income Fund,Lead Asset Mgt Ltd,1105059746.08,0.005199970265378535,232.1207,234.4055,491,0.0038,0.1781,1126515173.82,0.005331134391337431,235.82,238.2,491,0.0013,0.179,0.01941562690715074,0.016187760099485717,0,-0.0025,8.999999999999841e-4,2024-11-22,Bond Fixed Income
73,Legacy Debt Fund,FCMB Asset Mgt Ltd,1069282512.27,0.005031616877564491,3.57,3.57,770,0.0017,-0.0037,1073078685.93,0.005078250892771983,3.58,3.58,770,0.0036,3e-4,0.0035502064388400014,0.0028011204481793364,0,0.0019,0.004,2024-11-22,Bond Fixed Income
74,Meristem Fixed Income Fund,Meristem Wealth Mgt Ltd,550148751.01,0.0025887805224424827,109.55,109.55,59,0.1468,0.1703,551177309.29,0.002608398339914646,109.85,109.85,59,0.1469,0.1705,0.0018696003182987785,0.0027384755819260353,0,9.999999999998899e-5,2.0000000000000573e-4,2024-11-22,Bond Fixed Income
75,Nigeria Bond Fund,Chapel Hill Denham Mgt. Ltd,1660797840.7,0.007815052008798512,102.65,102.65,139,0.0025,0.0928,1639034186.5,0.007756585728532854,102.68,102.68,139,0.0025,0.0977,-0.013104336763122844,2.922552362396604e-4,0,0,0.004900000000000002,2024-11-22,Bond Fixed Income
76,Nigeria International Debt Fund,Afrinvest Asset Mgt Ltd.,1331436492.29,0.006265208912647046,348.8392,348.8392,150,0.0026,0.1006,1334858095.44,0.006317099019646623,349.7356,349.7356,105,0.0026,0.1032,0.002569858322055692,0.002569665335776402,-0.3,0,0.002600000000000005,2024-11-22,Bond Fixed Income
77,Norrenberger Turbo Fund (NTF),Norrenberger Investment & Capital Mgt. Ltd.,1466358180.96,9.348724667711453e-4,102.5,102.5,380,0.0028,0.12,1469464129.49,9.368526553782728e-4,102.79,102.79,381,0.0028,0.1381,0.002118137689910496,0.002829268292682988,0.002631578947368421,0,0.018100000000000005,2024-11-22,Bond Fixed Income
78,PACAM Fixed Income Fund,PAC Asset Mgt Ltd,58237286.18,2.740414330958871e-4,12.104768,12.385272,56,0.0011,0.0109,58360635.21,2.761865944630789e-4,12.130407,12.418384,56,0.0011,0.0131,0.002118042204417864,0.0026734980063416566,0,0,0.0022000000000000006,2024-11-22,Bond Fixed Income
79,Radix Horizon Fund,Radix Capital Partners Ltd,348055350.5,0.0016378096114043768,128.49,128.49,109,0.4125,0.1717,349090124.14,0.0016520384365247564,128.55,128.55,107,-0.0381,0.1684,0.0029730146038941174,4.6696240952605084e-4,-0.01834862385321101,-0.4506,-0.0032999999999999974,2024-11-22,Bond Fixed Income
80,SFS Fixed Income Fund,SFS Capital Nigeria Ltd,7541043627.545164,0.035485142565602354,1.12,1.12,4400,0.1703,0.1703,7513470119.157788,0.035556839252063606,1.12,1.12,4403,0.1703,0.1703,-0.003656457878941066,0,6.818181818181819e-4,0,0,2024-11-22,Bond Fixed Income
81,Stanbic IBTC Absolute Fund (Sub Fund),Stanbic IBTC Asset Mgt. Ltd,10762377841.19,0.05064345611853041,5166.4,5166.4,303,0,0.0309,9801882528.74,0.04638655054384993,5166.61,5166.61,296,0,0.0309,-0.08924564130929995,4.06472592133858e-5,-0.0231023102310231,0,0,2024-11-22,Bond Fixed Income
82,Stanbic IBTC Bond Fund,Stanbic IBTC Asset Mgt. Ltd,24478441619.05,0.11518577978556604,258.46,258.46,6394,0,0.0104,24308727966.45,0.11503892595796905,258.47,258.47,6382,0,0.0104,-0.006933188609029802,3.869070649248529e-5,-0.001876759461995621,0,0,2024-11-22,Bond Fixed Income
83,Stanbic IBTC Conservative Fund (Sub Fund),Stanbic IBTC Asset Mgt. Ltd,376832839.9,0.001773224994801586,6534.98,6564.54,15,0.0026,0.2365,378201009.32,0.0017898031508864034,6560.1,6587.42,15,0.0035,0.2408,0.003630706443639804,0.0034853927312500357,0,9.000000000000002e-4,0.004299999999999998,2024-11-22,Bond Fixed Income
84,Stanbic IBTC Enhanced Short-Term Fixed Income Fund,Stanbic IBTC Asset Mgt. Ltd,9664948553.14,0.04547939174422063,136.48,136.48,4478,0.001,0.0839,9510537587.81,0.045007786129104214,136.6,136.6,4471,9e-4,0.0848,-0.015976387714948994,8.792497069167977e-4,-0.0015631978561857973,-1.0000000000000005e-4,8.99999999999998e-4,2024-11-22,Bond Fixed Income
85,Stanbic IBTC Guaranteed Investment Fund,Stanbic IBTC Asset Mgt. Ltd,8250717664.36,0.03882458543521996,358.35,358.87,10185,-5e-4,0.0156,8210195668.55,0.038854031890040254,357.66,358.18,10186,-0.0019,0.0137,-0.004911329833165818,-0.0019227018140273572,9.818360333824252e-5,-0.0014,-0.001899999999999999,2024-11-22,Bond Fixed Income
86,United Capital Fixed Income Fund,United Capital Asset Mgt. Ltd,87202608767.27,0.4103406845302049,1.9447,1.9447,6346,0.078,0.0609,87295908383.38,0.4131202403848316,1.9475,1.9475,6349,0.0779,0.0611,0.0010699177172440169,0.0014398107677276255,4.727387330601954e-4,-1.0000000000000286e-4,1.999999999999988e-4,2024-11-22,Bond Fixed Income
87,United Capital Stable Income Fund,United Capital Asset Mgt. Ltd,8838578539.22,0.04159082416601716,105.9264,105.9264,150,0.1526,0.2148,9081100935.28,0.04297551478433376,106.3715,106.3715,155,0.2444,0.2165,0.02743907235579126,0.004201974200954592,0.03333333333333333,0.09179999999999999,0.001700000000000007,2024-11-22,Bond Fixed Income
88,Utica Custodian Assured Fixed Income Fund,Utica Capital Ltd,88700027.82,4.173869411481195e-4,109.014768465352,109.014768465352,55,0.00165742822875255,0.0729905655109955,86892482.22,4.11211061401767e-4,107.0222,109.218,55,0.0019,0.075,-0.020378185265827284,0.0018642569030689667,0,2.4257177124745004e-4,0.002009434489004494,2024-11-22,Bond Fixed Income
89,Zedcrest Fixed Income Fund,Zedcrest Investment Managers Ltd,252086653.85,0.001186219214815082,1.07,1.07,348,-0.003289,0.023163,249665827.78,0.0011815216623370225,1.06,1.06,354,-0.009962,0.013983,-0.009603150476345588,-0.009345794392523372,0.017241379310344827,-0.006673,-0.009179999999999999,2024-11-22,Bond Fixed Income
90,Zenith Income Fund,Zenith Asset Mgt Ltd,2088217234.17,0.009826317141542952,27.7579,27.7579,1299,0.105,0.105,2092164856.72,0.00990098693671899,27.8042,27.8042,1300,0.1126,0.1126,0.0018904271478101303,0.0016679936162318557,7.698229407236335e-4,0.0076000000000000095,0.0076000000000000095,2024-11-22,Bond Fixed Income
91,Afrinvest Dollar Fund,Afrinvest Asset Mgt Ltd.,2893204480.17,0.00162579375953084,184625.4340133,184625.4340133,251,0.0011,0.0502,2916790438.43732,0.001614345349156959,185305.3916891,185305.3916891,251,0.0011,0.0513,0.008152191948055562,0.003682903601196333,0,0,0.0010999999999999968,2024-11-22,Dollar Eurobond
92,AIICO Eurobond Fund,AIICO Capital Ltd,1973607579.7038999,0.0011090397892155996,165937.1,165937.1,29,-0.026189,0.04564,2014713841.78988,0.0011150763104250127,166369.69999999998,166369.69999999998,32,0.026036,0.071676,0.020827981463340015,0.002607011934039927,0.10344827586206896,0.052225,0.026036000000000004,2024-11-22,Dollar Eurobond
93,ARM Eurobond Fund,ARM Investment Managers Ltd,15936546481.939302,0.008955308204585554,1913.0888259,1913.0888259,297,-0.0224,0.0454,15986540741.02029,0.008848012306362662,1919.4956576999998,1919.4956576999998,297,0.0544,-0.0208,0.0031370823746315318,0.0033489463287130353,0,0.0768,-0.06620000000000001,2024-11-22,Dollar Eurobond
94,CardinalStone Dollar Fund,CardinalStone Asset Mgt. Ltd,4263058823.33149,0.002395563285965179,1756.2782664000001,1756.2782664000001,277,0.0037,0.0584,4896298669.12676,0.002709936538609526,1763.1860806,1763.1860806,278,0.0013,0.0598,0.14854119355087997,0.003933211685275483,0.0036101083032490976,-0.0024000000000000002,0.0013999999999999985,2024-11-22,Dollar Eurobond
95,Comercio Partners Dollar Fund,Comercio Partners Asset Mgt Ltd,663375406.58662,3.7277406545125664e-4,1758.9332600000002,1775.5269700000001,18,-0.084,0.055,623108546.7415899,3.448696111987936e-4,1763.51882,1780.15579,18,0.012,0.053,-0.060699958794405866,0.0026070119340400135,0,0.096,-0.0020000000000000018,2024-11-22,Dollar Eurobond
96,Cowry Eurobond Fund,Cowry Treasurers Ltd,662230772.4708201,0,1958.2237171,1958.2237171,45,2.55e-4,0.0934,664947781.19154,3.680262194543908e-4,1966.1571145999999,1966.1571145999999,45,1.69e-4,0.0935,0.0041028125446098225,0.0040513233655186205,0,-8.600000000000003e-5,1.0000000000000286e-4,2024-11-22,Dollar Eurobond
97,EDC Dollar Fund,EDC Fund Mgt Ltd,680665753.71984,3.8249012204593584e-4,177038.29199,179477.56736000002,45,0.0015,0.0713,682920766.4304199,3.7797366194065906e-4,177583.01777999997,180111.83722,45,7e-4,0.072,0.0033129516187001065,0.003533978476138686,0,-8e-4,6.999999999999923e-4,2024-11-22,Dollar Eurobond
98,Emerging Africa Eurobond Fund,Emerging Africa Asset Mgt Ltd,5287947816.03333,0.0029714846008832983,183280.845692,183280.845692,53,8.63e-4,0.0671,5315509444.17966,0.0029419555949342256,184236.1122822,184236.1122822,53,8.72e-4,0.0671,0.005212159632657797,0.005212037224038641,0,9.000000000000002e-6,0,2024-11-22,Dollar Eurobond
99,FBN Dollar Fund (Retail),FBNQuest Asset Mgt Ltd,56200829674.52,0.031581230705104345,206729.52,206729.52,2222,0.0015,0.0687,56030511329.39,0.03101100243044794,207106.34,207106.34,2222,0.0016,0.0703,-0.003030530796722654,0.0018227682239092269,0,1.0000000000000005e-4,0.0016000000000000042,2024-11-22,Dollar Eurobond
100,FBN Specialized Dollar Fund,FBNQuest Asset Mgt Ltd,105104268458.18,0.059061799790010916,194007.2,194007.2,617,0.0017,0.0831,104755614847.58,0.057978707485708374,194364.64,194364.64,617,0.0016,0.0848,-0.0033172164719334576,0.0018424058488551059,0,-9.999999999999983e-5,0.001700000000000007,2024-11-22,Dollar Eurobond
101,Futureview Dollar Fund,Futureview Asset Mgt Ltd,222498619.03052,1.2502983069582213e-4,194328.93781,194328.93781,4,0.0024,0.0219,215385025.26793,1.1920836315056676e-4,188114.21978999997,188114.21978999997,4,-0.0345,-0.0133,-0.031971406355624274,-0.03198040441139192,0,-0.0369,-0.035199999999999995,2024-11-22,Dollar Eurobond
102,Legacy USD Bond Fund,FCMB Asset Mgt Ltd,16978426637.18306,0.009540777453711973,2289.93198,2289.93198,110,9e-4,0.0476,17122768941.706049,0.009476876378044393,2295.9018599999995,2295.9018599999995,111,9e-4,0.0476,0.008501512396141409,0.0026070119340399133,0.00909090909090909,0,0,2024-11-22,Dollar Eurobond
103,Norrenberger Dollar Fund,Norrenberger Investment & Capital Mgt. Ltd.,29983111028.496994,0.016848568822410526,172906.45820000002,172906.45820000002,444,0.004,0.0874,30286992459.715527,0.016762831080689013,173706.60377,173706.60377,454,0.002,0.1001,0.010135086746992768,0.004627621075173722,0.02252252252252252,-0.002,0.012699999999999989,2024-11-22,Dollar Eurobond
104,PACAM Eurobond Fund,PAC Asset Mgt Ltd,3209176570.39441,0.001803349634338063,219999.40718000004,225840.39310000002,48,-0.0197,0.0061,3229696388.3296,0.0017875282622231345,221421.43373,227344.19504999998,47,0.0034,0.01,0.006394106863577102,0.006658693466469903,-0.020833333333333332,0.0231,0.0039,2024-11-22,Dollar Eurobond
105,United Capital Nigerian Eurobond Fund,United Capital Asset Mgt. Ltd,214344362099.54248,0.12044766579083231,203898.38962499998,203898.38962499998,3380,0.0547,0.053,214245727895.71237,0.11857780039572872,204152.28014999998,204152.28014999998,3389,0.0546,0.0529,-4.601670081917176e-4,0.0012451816096583125,0.0026627218934911242,-9.999999999999593e-5,-9.999999999999593e-5,2024-11-22,Dollar Eurobond
106,AVA GAM Fixed Income Dollar Fund,AVA Global Asset Managers Ltd,1915722497.98,0.00107651211781122,172829.77,145023.66,21,-0.006469,0.0785,1934082833.23276,0.001070449760657605,178181.94869999998,178181.94869999998,21,0.002713,0.0752,0.009584026534176879,0.2286405452737848,0,0.009182,-0.0032999999999999974,2024-11-22,Fixed Income
107,AXA Mansard Dollar Bond Fund,AXA Mansard Investments Ltd,18623427915.75952,0.01046516175888653,220347.87509,220347.87509,493,5e-4,0.0508,18482315411.13223,0.010229339596161898,221171.87918,221171.87918,495,5e-4,0.0519,-0.007577149881621974,0.0037395599556539487,0.004056795131845842,0,0.0011000000000000038,2024-11-22,Fixed Income
108,Cordros Dollar Fund,Cordros Asset Mgt Ltd,16848594249.35,0.009467820050469056,191952.38,191952.38,633,0.0012,0.0642,17269112088.64,0.009557872384997976,195887.88,195887.88,634,0.0012,0.0644,0.0249586305579305,0.02050248087572553,0.001579778830963665,0,2.0000000000000573e-4,2024-11-22,Fixed Income
109,FSDH Dollar Fund,FSDH Asset Mgt Ltd,6925374860.256969,0.0038916126763207455,2088.10443404302,2088.10443404302,227,0.05572785161945802,0.05394416504437655,7006032728.585774,0.0038776033418065296,2123.948300655492,2123.948300655492,223,0.05708866389566177,0.05406911709017666,0.011646715153526306,0.01716574421666767,-0.01762114537444934,0.0013608122762037503,1.2495204580010438e-4,2024-11-22,Fixed Income
110,Guaranty Dollar Fund,Guaranty Trust Fund Managers,79370342690.6919,0.04460099820900628,167549,167549,1783,0.0543,0.0556,78619184031.5197,0.04351307259625957,166369.69999999998,166369.69999999998,1793,0.0534,0.0555,-0.00946397147483007,-0.0070385379799343326,0.005608524957936063,-8.99999999999998e-4,-9.999999999999593e-5,2024-11-22,Fixed Income
111,Lead Dollar Fixed Income Fund,Lead Asset Mgt Ltd,1769041384.82134,9.940868208614605e-4,1808.7143900000003,1841.9018100000003,38,0.0055,0.1028,1730613289.0636797,9.57836215304508e-4,1813.42973,1863.3406400000001,38,0.0046,0.1031,-0.021722553292070856,0.011639507537049341,0,-8.999999999999998e-4,2.999999999999947e-4,2024-11-22,Fixed Income
112,Meristem Dollar Fund,Meristem Wealth Mgt Ltd,3526125325.62297,0.001981454331698197,17473.17663,17473.17663,68,0.0776,0.0977,3596116801.71156,0.0019903296299128375,17552.00335,17552.00335,68,0.0775,0.0971,0.01984940114861745,0.004511298756326787,0,-1.0000000000000286e-4,-5.999999999999894e-4,2024-11-22,Fixed Income
113,Nigeria Dollar Income Fund,Chapel Hill Denham Mgt. Ltd,24960039241,0.014025927415015712,1763.5794988,1763.5794988,371,0.0039,0.095,25119460692,0.013902776149796637,1770.3399777,1770.3399777,371,0.002,0.0987,0.006387067322319359,0.003833384831588264,0,-0.0018999999999999998,0.003699999999999995,2024-11-22,Fixed Income
114,Nova Dollar Fixed Income Fund,Novambl Asset Mgt,555878220.4101001,3.1236760069884415e-4,1833.2930000000003,1833.2930000000003,3,-0.010263,0.06102,564155774.1969,3.122412355283029e-4,1862.7290000000003,1862.7290000000003,3,-0.001147,0.059803,0.014890948202095647,0.01605635323977123,0,0.009115999999999999,-0.0012169999999999959,2024-11-22,Fixed Income
115,Stanbic IBTC Dollar Fund,Stanbic IBTC Asset Mgt. Ltd,1050804927066.34,0.5904843935567018,2601.78,2601.78,8930,0.0013,0.0658,1075607099033.78,0.5953123319945035,2647.11,2647.11,9000,0.0013,0.0672,0.02360302214863353,0.01742268754468092,0.007838745800671893,0,0.0013999999999999985,2024-11-22,Fixed Income
116,United Capital Global Fixed Income Fund,United Capital Asset Mgt. Ltd,113368621535.9775,0.06370583160751078,1908.1835250000001,1908.1835250000001,449,0.0997,0.0899,115358669342.04099,0.06384714132463763,1912.08134,1912.08134,459,0.0993,0.0902,0.01755377968878232,0.0020426834992193998,0.022271714922048998,-3.999999999999976e-4,3.000000000000086e-4,2024-11-22,Fixed Income
117,RMBN Dollar Fixed Income Fund,RMB Nigeria Asset Mgt Ltd.,682615859.4578329,0,170396.2512,170396.2512,20,0.0665,0.0013,694467689.0161,3.8436449500415984e-4,173354.2573677167,173354.2573677167,20,0.0012,0.0665,0.0173623706423704,0.017359573035704765,0,-0.0653,0.06520000000000001,2024-11-22,Fixed Income
118,Zedcrest Dollar Fund,Zedcrest Investment Managers Ltd,1810246072.4015503,0.0010172411897940662,2057.6200400000002,2057.6200400000002,61,0.006197,0.121622,1825750188.2225897,0.0010104912873544164,2043.0199159999997,2043.0199159999997,62,-0.006868,0.114343,0.00856464546859699,-0.007095636568547663,0.01639344262295082,-0.013065,-0.007278999999999994,2024-11-22,Fixed Income
119,Housing Solution Fund,Fundco Capital Managers Ltd,2476198323.902701,0.02495461857608087,116.6917212018238,116.6917212018238,7,0.0035587498868827616,0.14168624258969165,2484976214.6804113,0.02492144472281738,117.10538240718243,117.10538240718243,7,0.0035449061947008254,0.14573341322345246,0.0035449061947008063,0.003544906194700734,0,-1.3843692181936262e-5,0.0040471706337608104,2024-11-22,Real Estate Investment Trust
120,Nigeria Real Estate Investment Trust,Chapel Hill Denham Mgt. Ltd,53749983529,0.5416813041545089,102.5,102.5,666,0,0.077,53749983529,0.5390503279093126,102.5,102.5,666,0,0.077,0,0,0,0,0,2024-11-22,Real Estate Investment Trust
121,SFS Real Estate Investment Trust Fund,SFS Capital Nigeria Ltd,2657041831.526266,0.026777122335631905,179.45,179.45,2834,0.11834463435654312,0.08583233498587968,2659839820.2634087,0.02667512496121341,179.45,179.45,2834,0.06949774969863694,0.08466686653677753,0.0010530465512224674,0,0,-0.04884688465790618,-0.0011654684491021472,2024-11-22,Real Estate Investment Trust
122,Union Homes REITS,SFS Capital Nigeria Ltd,10283135470.62,0.10363132910575913,57.81,57.81,5260,0.0543228200371014,0.195886948529411,10301384180.93,0.10331099948438316,36.6,36.6,5260,0.09044406553488156,0.1973151645979491,0.0017746250997215732,-0.3668915412558381,0,0.03612124549778016,0.0014282160685381018,2024-11-22,Real Estate Investment Trust
123,UPDC Real Estate Investment Trust,Stanbic IBTC Asset Mgt. Ltd,30061698222.52,0.30295562582801916,5.15,5.15,208116,-0.055,-0.1953,30516182143.98,0.3060421029222736,5.1,5.1,208116,-0.0097,-0.2031,0.015118371493714661,-0.009708737864077808,0,0.0453,-0.007800000000000001,2024-11-22,Real Estate Investment Trust
124,AIICO Balanced Fund,AIICO Capital Ltd,252383252.98,0.004756733816877116,5.65,5.73,11835,0.5348,0.1224,254410466.43,0.004777867429165618,5.69,5.77,11835,0.008927,0.1313,0.008032281960327469,0.006980802792320968,0,-0.525873,0.008900000000000005,2024-11-22,Balanced
125,Alpha Morgan Balanced Fund,Alpha Morgan Capital Managers Ltd,580532599.2876549,0.010941451202588269,1360.2167382470884,1376.4577375513768,178,0.017580972341752894,0.21598909668962124,606588555.651827,0.011391825751598578,1421.508362598485,1438.599019581368,177,0.04511222680023964,0.27084507260610197,0.04488284791611045,0.04514579731342595,-0.0056179775280898875,0.027531254458486743,0.054855975916480726,2024-11-22,Balanced
126,ARM Discovery Balanced Fund,ARM Investment Managers Ltd,6716584336.82,0.12658923867421043,787.6439,811.3919,21345,0.2522,0.2161,6677693609.81,0.12540810623071258,783.1523,806.7649,21343,-0.2982,0.2039,-0.005790253655686587,-0.005702546451351009,-9.369875849144998e-5,-0.5504,-0.012199999999999989,2024-11-22,Balanced
127,Balanced Strategy Fund,Zenith Asset Mgt Ltd,3489302623.13,0.0657638079737239,20.5252,20.7567,6183,0.0103,0.1126,3503533500.2,0.06579689441433406,20.7582,20.9944,6178,0.1217,0.1253,0.004078430164143862,0.011451724021641218,-8.086689309396733e-4,0.1114,0.012699999999999989,2024-11-22,Balanced
128,Capital Express Balanced Fund,Capital Express Asset and Trust Ltd,1801837323.48215,0.033959703854827834,4.239,4.2642,2746,0.8742,0.4542,1854401629.951511,0.03482594593164968,4.3615,4.4631,2746,1.5388,0.4894,0.029172614966026682,0.04664415365132969,0,0.6646,0.03520000000000001,2024-11-22,Balanced
129,Coral Balanced Fund,FSDH Asset Mgt Ltd,3302740364.02147,0.062247619809983654,7449.78164764106,7511.59940698433,927,0.765395255688935,0.328509966624954,3300277307.68787,0.06197971206485268,7438.23014577302,7499.61285184755,929,-0.08107331930117355,0.3192436510570443,-7.457614169225786e-4,-0.001595739400803916,0.002157497303128371,-0.8464685749901085,-0.009266315567909744,2024-11-22,Balanced
130,Cordros Milestone Fund,Cordros Asset Mgt Ltd,778425204.05,0.014671185382920506,194.68,196.09,676,0.0119,0.2487,778975467.52,0.014629278294283213,194.77,196.23,677,6e-4,0.2493,7.068931827195616e-4,7.139578764852178e-4,0.0014792899408284023,-0.011300000000000001,5.999999999999894e-4,2024-11-22,Balanced
131,Core Value Mixed Fund,Core Asset Mgt Ltd,3734808.11,7.039091471648369e-5,102.747,102.99,0,0,0,3734808.11,7.014026692122125e-5,102.747,102.99,0,0,0,0,0,NA,0,0,2024-11-22,Balanced
132,Coronation Balanced Fund,Coronation Asset Mgt,198658618.64,0.0037441714461690766,1.5626,1.5768,350,0.01329356072887622,0.06742263815834426,200196322.13,0.003759717516208615,1.5745,1.5889,351,0.07555160871644251,0.06742263815834426,0.007740431804705967,0.0076737696600710295,0.002857142857142857,0.06225804798756629,0,2024-11-22,Balanced
133,Cowry Balanced Fund,Cowry Treasurers Ltd,131004096.75,0.0024690688062791073,154.58,155.2614,123,0.001906,0.1335,130965119.8,0.002459544959096096,154.5818,155.1805,123,6.57e-4,0.1335,-2.975246650063482e-4,-5.210567468798682e-4,0,-0.001249,0,2024-11-22,Balanced
134,EDC Balanced Fund,EDC Fund Mgt Ltd,224545055.58,0.004232059959123274,120.46,121.43,39,0.0024,0.2034,225125271.7,0.004227886997854478,120.74,121.77,39,0.003,0.2064,0.0025839630202556738,0.002799967059210979,0,6.000000000000003e-4,0.0030000000000000027,2024-11-22,Balanced
135,Emerging Africa Balanced-Diversity Fund,Emerging Africa Asset Mgt Ltd,302983533,0.005710410656654037,1.2345,1.2231,102,-9.8e-4,0.0433,307924408.66,0.005782867440269003,1.2283,1.2396,102,0.004251,0.0469,0.016307406581069956,0.013490311503556502,0,0.0052309999999999995,0.003599999999999999,2024-11-22,Balanced
136,FBN Balanced Fund,FBNQuest Asset Mgt Ltd,9137670532.34,0.17222008954812704,305.26,307.33,5462,0.0051,0.2517,9187874870.7,0.17254969382340749,307.36,309.46,5462,0.0069,0.2594,0.005494216297503576,0.006930660853154575,0,0.0017999999999999995,0.00770000000000004,2024-11-22,Balanced
137,GDL Canary Growth Fund,Growth & Development Asset Mgt Ltd,3172149774.09,0.059786344475909955,2.2247,2.2632,10307,0.00844260822705234,0.275546719681909,3197212004.62,0.060044129926605426,2.2421,2.2812,10307,0.0023,0.2857,0.007900708451633365,0.007953340402969352,0,-0.0061426082270523395,0.010153280318090985,2024-11-22,Balanced
138,Greenwich Balanced Fund,Greenwich Asset Mgt Ltd,246150750.449884,0.004639268195847482,320.28,321.22,39,0.0471,0.365330727909518,246458703.07324222,0.004628532098430948,320.6779962644216,322.8903238963731,39,0.0012426510066867458,0.3130701673262697,0.0012510732662621667,0.0051999374147720465,0,-0.04585734899331326,-0.052260560583248294,2024-11-22,Balanced
139,GTI Balanced Fund,GTI Asset Mgt & Trust Ltd,57699133.44,0.0010874708048093137,1.124,1.135,28,-0.0158,0.134,58035500.46,0.0010899155654802994,1.13,1.142,28,0.0053,0.1607,0.00582967195425532,0.006167400881057176,0,0.0211,0.0267,2024-11-22,Balanced
140,Guaranty Trust Balanced Fund,Guaranty Trust Fund Managers,2845967507.4,0.05363870115920817,4.046503,4.185215,2350,9e-4,0.1125,2884289987.49,0.054167406635719895,4.07394,4.214487,2352,0.006780422503084749,0.12004508838973971,0.013465536760470631,0.0069941448647201495,8.51063829787234e-4,0.005880422503084749,0.007545088389739704,2024-11-22,Balanced
141,Hillcrest Balanced Fund,Hillcrest Capital Mgt Ltd,63832024.72,0.0012030590263032279,2.0782,2.0868,65,0.0046,0.042,64450562.35,0.0012103914078873017,2.0778,2.0875,66,8e-4,0.0427,0.009690083194340553,3.3544182480338354e-4,0.015384615384615385,-0.0038,6.999999999999992e-4,2024-11-22,Balanced
142,Lead Balanced Fund,Lead Asset Mgt Ltd,323472031.91,0.006096562806099428,200.9696,204.0311,141,0.0765,0.1855,360442145.86,0.006769158568705733,217.18,220.35,141,0.0033,0.1845,0.11429153157910797,0.0799824144456408,0,-0.0732,-0.0010000000000000009,2024-11-22,Balanced
143,Nigeria Energy Sector Fund,SCM Capital Ltd,2161969105.34,0.04074720264909688,552.22,552.22,823,-0.017,0.383,2156264136.55,0.04049496992504755,552.22,552.22,823,-0.00264,0.3793,-0.002638783679151037,0,0,0.014360000000000001,-0.003699999999999981,2024-11-22,Balanced
144,Nova Hybrid Balanced Fund,Novambl Asset Mgt,28944857.88,5.455313800611355e-4,1.78,1.78,8,0.021645,0.09532,29370970.57,5.515913146914351e-4,1.81,1.81,8,0.016474,0.113364,0.014721533329567046,0.016853932584269676,0,-0.005171000000000002,0.018044000000000004,2024-11-22,Balanced
145,PACAM Balanced Fund,PAC Asset Mgt Ltd,208048390.9,0.003921142963552031,2.1,2.15,56,0.0075,0.0179,209733745.11,0.0039388317769297075,2.113223,2.159776,119,0.004,-0.0885,0.008100779836408762,0.00454697674418605,1.125,-0.0034999999999999996,-0.1064,2024-11-22,Balanced
146,Stanbic IBTC Balanced Fund,Stanbic IBTC Asset Mgt. Ltd,2697836068.06,0.05084682880424214,6177.35,6241.08,2246,0.0101,0.2429,2704495091.28,0.05079083101528122,6200.19,6264.26,2247,0.0037,0.2476,0.002468283117286936,0.0037141007646112997,4.452359750667854e-4,-0.0063999999999999994,0.004699999999999982,2024-11-22,Balanced
147,STL Balanced Fund,STL Asset Mgt Ltd,81842599.02,0.001542509076267426,1055.23,1071.55,8,-0.009618489694309451,0.0664,82188011.67,0.0015435034160987315,1055.67,1071.94,8,1e-4,0.0666,0.00422045064716966,3.63958751341608e-4,0,0.00971848969430945,2.0000000000000573e-4,2024-11-22,Balanced
148,The Nigeria Football Fund,GTI Asset Mgt & Trust Ltd,691200875.09,0.013027245421296648,1.32,1.32,43,0.0023,0.239,693722949.47,0.013028222980163413,1.324,1.324,43,0.003,0.244,0.003648829842224376,0.003030303030303033,0,7.000000000000001e-4,0.0050000000000000044,2024-11-22,Balanced
149,United Capital Balanced Fund,United Capital Asset Mgt. Ltd,1967481945.41,0.03708165178681074,1.8594,1.8708,2187,0.0059,0.1982,2025491325,0.03803903654426789,1.8916,1.9033,2190,0.0173,0.21560000000000001,0.029484072128505068,0.017372247166987372,0.0013717421124828531,0.0114,0.017400000000000027,2024-11-22,Balanced
150,United Capital Wealth for Women Fund,United Capital Asset Mgt. Ltd,1122422322.35,0.021154589912362704,1.4515,1.4596,798,0.0037,0.2124,1151246516.48,0.02162058547046299,1.4633,1.4714,806,0.0081,0.2207,0.025680346475693127,0.00808440668676352,0.010025062656641603,0.004399999999999999,0.008300000000000002,2024-11-22,Balanced
151,ValuAlliance Value Fund,ValuAlliance Asset Mgt Ltd,9937297339.23,0.18729086713857415,539.06,539.06,37,0.2,0.5496,9824355347.5,0.184502894421148,532.96,538.85,37,-0.01137,0.532,-0.011365463654200263,-3.895670240788089e-4,0,-0.21137,-0.01759999999999995,2024-11-22,Balanced
152,Women's Balanced Fund,Chapel Hill Denham Mgt. Ltd,531381759.91,0.010015092353357834,256.76,259.97,690,0.0013,0.3306,528244787.32,0.009920517812726007,255.26,258.43,690,-3e-4,0.3228,-0.005903425421548797,-0.005923760433896297,0,-0.0015999999999999999,-0.007800000000000029,2024-11-22,Balanced
153,ARM Ethical Fund,ARM Investment Managers Ltd,926475210.94,0.1642576040039084,64.5716,66.5185,1641,0.1542,0.2107,928457230.52,0.16426455077604632,65.5067,67.4818,1646,0.7572,0.2254,0.0021393120469882514,0.014481685546126322,0.0030469226081657527,0.603,0.01469999999999999,2024-11-22,Ethical
154,ESG Impact Fund,Zenith Asset Mgt Ltd.,930204165.86,0.1649187217471196,26.3775,26.5626,1483,0.0082,0.2092,928366942.93,0.16424857691109648,27.7615,26.9759,1483,0.2087,0.2503,-0.0019750749323956232,0.01555947083493331,0,0.20049999999999998,0.041100000000000025,2024-11-22,Ethical
155,Stanbic IBTC Ethical Fund,Stanbic IBTC Asset Mgt. Ltd,3783700053.78,0.670823674248972,2.74,2.77,10172,0.0109,0.3317,3795382746.02,0.6714868723128573,2.74,2.78,10174,0.0036,0.3365,0.0030876369886477925,0.0036101083032490204,1.9661816751867872e-4,-0.0073,0.0048000000000000265,2024-11-22,Ethical
156,Lotus Halal Investment Fund,Lotus Capital Ltd,4623964196.26,0.09017940988892124,2.15,2.19,15013,0.0129,0.2437,4629473750.14,0.08996923461626731,2.15,2.19,14970,7e-4,0.2445,0.0011915217432817507,0,-0.0028641843735429293,-0.0122,7.999999999999952e-4,2024-11-22,Sharia Equities
157,Stanbic IBTC Imaan Fund,Stanbic IBTC Asset Mgt. Ltd,603183885.5,0.011763665231857276,419.89,425.32,851,0.0039,0.1138,635657753.42,0.012353378513349144,443.05,448.88,851,0.0554,0.1755,0.05383742619894635,0.05539358600583091,0,0.0515,0.06169999999999999,2024-11-22,Sharia Equities
158,CapitalTrust Halal Fixed Income Fund,CapitalTrust Investments & Asset Mgt Ltd.,339161898.01,0.006614545122145774,1044.72,1044.72,18,0.0013,0.1269,339675873.78,0.00660126399478434,1046.3,1046.3,18,0.0028,0.1297,0.0015154289824879641,0.0015123669499961015,0,0.0015,0.002799999999999997,2024-11-22,Sharia Fixed Income
159,Cordros Halal Fixed Income Fund,Cordros Asset Mgt Ltd,131981863.39,0.002573991936654083,114.04,114.04,75,0.0025,0.1395,129479271.36,0.0025163013274627373,114.32,114.32,75,0.0025,0.1404,-0.01896163583177306,0.002455278849526367,0,0,8.999999999999841e-4,2024-11-22,Sharia Fixed Income
160,EDC Halal Fund,EDC Fund Mgt Ltd,58887020.73,0.0011484511025935881,105.13,108.69,14,0.0028,0.109,58973520.64,0.0011460919320359013,105.24,108.88,14,0.0015,0.1105,0.0014689129952185965,0.0017480909007268168,0,-0.0013,0.0015000000000000013,2024-11-22,Sharia Fixed Income
161,Emerging Africa Halal Fund,Emerging Africa Asset Mgt Ltd,103784075.26,0,1.0275,1.0275,23,0.001657,0.094,104323080.24,0.0020274156823376307,1.0299,1.0299,24,0.002334,0.0971,0.005193522981725985,0.002335766423357623,0.043478260869565216,6.770000000000001e-4,0.0031000000000000055,2024-11-22,Sharia Fixed Income
162,FBN Halal Fund,FBNQuest Asset Mgt Ltd,7925547234.69,0.15456892448458046,140.78,140.78,689,0.0026,0.1325,7959339473.58,0.1546818751196896,141.16,141.16,689,0.0027,0.1354,0.004263710490815351,0.0026992470521380553,0,1.0000000000000026e-4,0.002899999999999986,2024-11-22,Sharia Fixed Income
163,FSDH Halal Fund,FSDH Asset Mgt Ltd,463025430.002345,0.009030208338323307,1160.96730038835,1160.96730038835,96,0.163970757355947,0.146304516703113,464684501.104214,0.00903068278573215,1165.12717406587,1165.12717406587,96,0.1873454717412939,0.14769607250511269,0.0035831101152707413,0.0035831101152706485,0,0.023374714385346912,0.0013915558019996777,2024-11-22,Sharia Fixed Income
164,Lotus Halal Fixed Income Fund,Lotus Capital Ltd,24248459515.05,0.4729084562443809,1236.98,1236.98,9547,0.0031,0.1278,24349241880.31,0.47320338632260384,1240.39,1240.39,9435,0.0028,0.1306,0.004156237850798347,0.0027567139323191013,-0.011731433958311511,-2.999999999999999e-4,0.002799999999999997,2024-11-22,Sharia Fixed Income
165,Marble Halal Commodities Fund,Marble Capital Ltd,390741002.33,0.007620472718630815,126.62,126.92,149,0.0069,0.2749,410428269.27,0.007976266686895996,127.17,127.46,149,0.0043,0.2804,0.05038444090229654,0.004254648597541696,0,-0.0026,0.005500000000000005,2024-11-22,Sharia Fixed Income
166,Marble Halal Fixed Income Fund,Marble Capital Ltd,108255997.71,0.002111275428629049,110.52,110.52,67,0.0042,0.1036,108701289.59,0.0021125018423352707,110.97,110.97,67,0.0041,0.1081,0.004113322951333134,0.004071661237785042,0,-9.99999999999994e-5,0.004500000000000004,2024-11-22,Sharia Fixed Income
167,Norrenberger Islamic Fund,Norrenberger Investment & Capital Mgt. Ltd.,1246810054.84,0.024316060898565518,104.32,104.32,584,0.26,0.1065,1239457457.92,0.024087627416639844,104.63,104.63,584,0.0023,0.1227,-0.005897126744733686,0.0029716257668711875,0,-0.2577,0.016200000000000006,2024-11-22,Sharia Fixed Income
168,Stanbic IBTC Shariah Fixed Income Fund,Stanbic IBTC Asset Mgt. Ltd,6988275440.33,0.1362896702054752,133.32,133.32,1255,2e-4,0.0392,6985848496.9,0.13576304269838177,133.35,133.35,1257,2e-4,0.0394,-3.4728788965503345e-4,2.2502250225023355e-4,0.0015936254980079682,0,1.999999999999988e-4,2024-11-22,Sharia Fixed Income
169,United Capital Sukuk Fund,United Capital Asset Mgt. Ltd,3822641208.19,0.07455151332064158,1.199,1.199,1190,0.0957,0.0961,3819444775.34,0.07422712421385887,1.2011,1.2011,1196,0.0955,0.0959,-8.361843751256472e-4,0.0017514595496246795,0.005042016806722689,-1.9999999999999185e-4,-2.0000000000000573e-4,2024-11-22,Sharia Fixed Income
170,Lotus Waqf (Endowment) Fund,Lotus Capital Ltd,220447004.98,0.004299293847680706,1181.66,1181.66,86,-0.0434,0.15,221457489.46,0.004303806847625769,1187.07,1187.07,86,0.0046,0.1871,0.0045837977254065895,0.004578305096220448,0,0.048,0.037099999999999994,2024-11-22,Sharia Fixed Income Balance
1,Clean Energy Fund,Fundco Capital Managers Ltd,3922383774.40217,0.07649675454225296,123.2,123.2,9,0.305302753416094,0.240651094956425,3970389137.69716,1,123.2,123.2,9,0.301611384866461,0.239946732043255,0.01223882364807771,0,0,-0.0036913685496329784,-7.04362913169998e-4,2024-11-22,Specialised Fund
1,Nigeria Infrastructure Debt Fund (NIDF),Chapel Hill Denham Mgt Ltd,103175705234,0.8792207622343072,107.39,107.39,0,0.138,0.138,103175705234,0.8787130855353078,107.39,107.39,0,0.138,0.138,0,0,NA,0,0,2024-11-22,Infrastructure
2,United Capital Infrastructure Fund,United Capital Asset Mgt. Ltd,14173326619.85,0.12077923776569273,1000000,1000000,26,0.1933,0.1933,14241125051.56,0.12128691446469222,1000000,1000000,26,0.1936,0.1936,0.004783522847420037,0,0,2.999999999999947e-4,2.999999999999947e-4,2024-11-22,Infrastructure
1,Greenwich ALPHA ETF,Greenwich Asset Mgt Ltd,941435314.611869,0.07309390854596624,221.85,223.88,61,0.00398244105534684,0.267299765918925,940721896.9100934,0.07279818601667618,221.6853769082346,223.7412908353953,61,-7.420468414036652e-4,0.26633940882117324,-7.577978972136559e-4,-6.19569254085695e-4,0,-0.004724487896750505,-9.603570977517739e-4,2024-11-22,ETF
2,Lotus Halal ETF,Lotus Capital Ltd,917948035.36,0.07127033446181638,26.11,28.86,212,-0.0253,0.2181,955641161.07,0.07395271996673328,27.18,30.04,212,0.0411,0.2681,0.041062374184631906,0.04088704088704088,0,0.0664,0.05000000000000002,2024-11-22,ETF
3,Meristem Growth ETF,Meristem Wealth Mgt Ltd,345603586.02,0.026832982062202086,25.785768,26.068206,167,0.06045416267789938,0.11691402203440404,341162176.73,0.02640098809756771,25.454391,25.750719,167,-0.012851166682463,0.10280656290670542,-0.012851166682463007,-0.012179088963774487,0,-0.07330532936036238,-0.014107459127698618,2024-11-22,ETF
4,Meristem Value ETF,Meristem Wealth Mgt Ltd,806448728.67,0.06261342516635669,60.514755,60.945418,99,0.037411840158877,0.6337739828508362,833902539.8,0.06453192214568058,62.57485,63.026652,99,0.034042847553714894,0.688488180927721,0.034042847553714894,0.034149146372250694,0,-0.003368992605162102,0.054714198076884824,2024-11-22,ETF
5,New Gold ETF,New Gold Managers (Proprietary) Ltd,1338824231.7,0.10394755160777944,38200,44000,226,-0.05,1.29,1338824231.7,0.1036055137900601,39500,45500,226,0,1.29,0,0.03409090909090909,0,0.05,0,2024-11-22,ETF
6,SIAML ETF 40,Stanbic IBTC Asset Mgt.Ltd,1126771781.84,0.08748360327649647,864.87,864.87,130,0.0112,0.2794,1120843455.7,0.08673697364931325,840,840,130,-0.0053,0.2728,-0.005261337065362967,-0.028755766762634853,0,-0.0165,-0.006599999999999995,2024-11-22,ETF
7,Stanbic IBTC ETF 30 Fund,Stanbic IBTC Asset Mgt.Ltd,811756930.65,0.06302555887756084,410,410,591,0.0033,0.3363,811790848.19,0.06282079897074934,332.1,332.1,591,0,0.3364,4.178287701581087e-5,-0.18999999999999995,0,-0.0033,9.999999999998899e-5,2024-11-22,ETF
8,VCG ETF,Vetiva Fund Managers Ltd,53262920.7,0.004135382425230057,15.61,15.71,61,0,0.4323,54394179.24,0.004209317962667123,15.91,16.01,61,0,0.4323,0.021239138318601424,0.01909611712285173,0,0,0,2024-11-22,ETF
9,VETBANK ETF,Vetiva Fund Managers Ltd,675165330.58,0.05242046071658954,10.48,10.58,107,0.0737,0.1552,658487138.2,0.05095732259844883,10.21,10.31,107,0,0.1552,-0.024702382697394446,-0.0255198487712665,0,-0.0737,0,2024-11-22,ETF
10,Vetiva S & P Nig. Sovereign Bond ETF,Vetiva Fund Managers Ltd,453160318.45,0.03518378624568716,127.73,129.73,280,0.1948,0.3724,454293943.97,0.03515574065832366,128.05,130.05,280,0.0339,0.4189,0.0025015992659673278,0.0024666615277886507,0,-0.1609,0.046499999999999986,2024-11-22,ETF
11,VG 30 ETF,Vetiva Fund Managers Ltd,5347346976.08,0.4151729649044259,37.04,37.24,285,0,0.3704,5349149838.32,0.4139463599605242,37.05,37.25,285,0.0405,0.4259,3.371507867479739e-4,2.6852846401713236e-4,0,0.0405,0.055499999999999994,2024-11-22,ETF
12,VI ETF,Vetiva Fund Managers Ltd,62081199.02,0.004820041709889136,34.34,34.54,60,0,0.6981,63114658.77,0.004884156183255741,34.95,35.15,60,0,0.6981,0.0166469038342359,0.01766068326577879,0,0,0,2024-11-22,ETF
